STE_NAME21,Year12_rate
New South Wales,70.4
New South Wales,51.5
New South Wales,49.2
New South Wales,56.5
New South Wales,77.5
New South Wales,61.4
New South Wales,58.7
New South Wales,65.6
New South Wales,78.8
New South Wales,66.1
New South Wales,68.7
New South Wales,71.6
New South Wales,83.1
New South Wales,73.3
New South Wales,71.4
New South Wales,75.8
New South Wales,74.5
New South Wales,58.5
New South Wales,58.6
New South Wales,63.8
New South Wales,80.2
New South Wales,67.2
New South Wales,64.8
New South Wales,70.5
Victoria,82.8
Victoria,68.2
Victoria,68.9
Victoria,86.1
Victoria,78.0
Victoria,72.9
Victoria,79.6
Victoria,86.5
Victoria,83.1
Victoria,83.9
Victoria,90.7
Victoria,84.7
Victoria,80.8
Victoria,85.8
Victoria,84.6
Victoria,75.4
Victoria,76.0
Victoria,88.4
Victoria,81.3
Victoria,76.8
Victoria,82.6
Queensland,76.2
Queensland,68.3
Queensland,73.1
Queensland,62.8
Queensland,80.5
Queensland,73.5
Queensland,69.6
Queensland,74.0
Queensland,81.9
Queensland,78.0
Queensland,81.0
Queensland,82.1
Queensland,83.8
Queensland,81.2
Queensland,78.8
Queensland,81.1
Queensland,79.0
Queensland,73.0
Queensland,77.0
Queensland,71.9
Queensland,82.1
Queensland,77.2
Queensland,74.1
Queensland,77.5
South Australia,85.6
South Australia,71.3
South Australia,96.7
South Australia,83.0
South Australia,71.9
South Australia,81.6
South Australia,97.4
South Australia,92.8
South Australia,106.9
South Australia,95.0
South Australia,91.6
South Australia,96.4
South Australia,91.4
South Australia,81.8
South Australia,101.7
South Australia,88.9
South Australia,81.3
South Australia,88.8
Western Australia,73.2
Western Australia,63.1
Western Australia,58.3
Western Australia,59.3
Western Australia,76.7
Western Australia,69.4
Western Australia,62.7
Western Australia,73.0
Western Australia,77.4
Western Australia,77.8
Western Australia,77.3
Western Australia,70.2
Western Australia,79.2
Western Australia,78.1
Western Australia,71.4
Western Australia,79.7
Western Australia,75.3
Western Australia,70.2
Western Australia,67.4
Western Australia,64.4
Western Australia,77.9
Western Australia,73.6
Western Australia,66.9
Western Australia,76.3
Tasmania,52.9
Tasmania,36.2
Tasmania,30.6
Tasmania,62.1
Tasmania,51.0
Tasmania,37.5
Tasmania,46.5
Tasmania,60.3
Tasmania,59.2
Tasmania,82.4
Tasmania,71.1
Tasmania,63.6
Tasmania,53.6
Tasmania,60.2
Tasmania,56.5
Tasmania,47.1
Tasmania,51.8
Tasmania,66.5
Tasmania,57.0
Tasmania,45.3
Tasmania,53.1
Northern Territory,57.5
Northern Territory,16.8
Northern Territory,65.4
Northern Territory,46.4
Northern Territory,20.6
Northern Territory,37.5
Northern Territory,70.8
Northern Territory,21.0
Northern Territory,73.9
Northern Territory,57.6
Northern Territory,27.8
Northern Territory,46.1
Northern Territory,63.9
Northern Territory,18.8
Northern Territory,69.6
Northern Territory,51.7
Northern Territory,24.1
Northern Territory,41.6
Australian Capital Territory,73.0
Australian Capital Territory,71.9
Australian Capital Territory,78.7
Australian Capital Territory,72.9
Australian Capital Territory,74.6
Australian Capital Territory,72.4
Australian Capital Territory,87.4
Australian Capital Territory,74.6
Australian Capital Territory,73.8
Australian Capital Territory,72.2
Australian Capital Territory,82.8
Australian Capital Territory,73.7
Australia,76.3
Australia,61.2
Australia,61.9
Australia,49.5
Australia,80.6
Australia,70.8
Australia,64.2
Australia,72.2
Australia,82.6
Australia,74.5
Australia,77.2
Australia,62.1
Australia,85.3
Australia,80.0
Australia,75.5
Australia,80.6
Australia,79.4
Australia,67.6
Australia,69.2
Australia,55.5
Australia,82.9
Australia,75.2
Australia,69.7
Australia,76.3
New South Wales,72.1
New South Wales,54.4
New South Wales,52.2
New South Wales,58.9
New South Wales,77.3
New South Wales,63.7
New South Wales,62.5
New South Wales,67.6
New South Wales,81.0
New South Wales,69.9
New South Wales,73.6
New South Wales,74.0
New South Wales,84.3
New South Wales,76.2
New South Wales,75.0
New South Wales,78.4
New South Wales,76.4
New South Wales,61.8
New South Wales,62.4
New South Wales,66.3
New South Wales,80.7
New South Wales,69.7
New South Wales,68.5
New South Wales,72.8
Victoria,83.5
Victoria,66.9
Victoria,68.5
Victoria,86.4
Victoria,78.2
Victoria,73.3
Victoria,79.8
Victoria,88.8
Victoria,83.4
Victoria,84.9
Victoria,90.5
Victoria,87.6
Victoria,83.7
Victoria,87.6
Victoria,86.1
Victoria,74.9
Victoria,76.3
Victoria,88.4
Victoria,82.8
Victoria,78.4
Victoria,83.6
Queensland,80.2
Queensland,70.2
Queensland,76.6
Queensland,69.9
Queensland,83.9
Queensland,77.6
Queensland,72.7
Queensland,77.6
Queensland,84.2
Queensland,82.7
Queensland,84.4
Queensland,79.9
Queensland,85.5
Queensland,83.8
Queensland,82.5
Queensland,83.8
Queensland,82.1
Queensland,76.2
Queensland,80.4
Queensland,74.7
Queensland,84.7
Queensland,80.6
Queensland,77.5
Queensland,80.6
South Australia,91.8
South Australia,77.9
South Australia,102.4
South Australia,88.0
South Australia,78.2
South Australia,87.3
South Australia,101.0
South Australia,90.2
South Australia,109.0
South Australia,97.0
South Australia,96.9
South Australia,99.8
South Australia,96.3
South Australia,83.9
South Australia,105.7
South Australia,92.4
South Australia,87.1
South Australia,93.4
Western Australia,78.5
Western Australia,71.1
Western Australia,68.0
Western Australia,67.2
Western Australia,81.1
Western Australia,75.8
Western Australia,70.5
Western Australia,76.5
Western Australia,82.0
Western Australia,83.0
Western Australia,83.8
Western Australia,67.3
Western Australia,83.0
Western Australia,83.2
Western Australia,75.3
Western Australia,81.5
Western Australia,80.2
Western Australia,76.8
Western Australia,75.6
Western Australia,67.2
Western Australia,82.0
Western Australia,79.4
Western Australia,72.8
Western Australia,78.9
Tasmania,53.5
Tasmania,41.6
Tasmania,31.3
Tasmania,68.4
Tasmania,50.5
Tasmania,40.5
Tasmania,48.9
Tasmania,68.6
Tasmania,65.1
Tasmania,58.8
Tasmania,79.5
Tasmania,71.0
Tasmania,60.2
Tasmania,67.3
Tasmania,60.9
Tasmania,52.7
Tasmania,42.7
Tasmania,73.8
Tasmania,60.3
Tasmania,49.9
Tasmania,57.7
Northern Territory,64.1
Northern Territory,21.3
Northern Territory,71.8
Northern Territory,55.6
Northern Territory,24.4
Northern Territory,43.7
Northern Territory,81.1
Northern Territory,27.6
Northern Territory,87.6
Northern Territory,72.6
Northern Territory,31.4
Northern Territory,55.5
Northern Territory,72.3
Northern Territory,24.4
Northern Territory,79.6
Northern Territory,63.7
Northern Territory,27.8
Northern Territory,49.4
Australian Capital Territory,74.9
Australian Capital Territory,73.3
Australian Capital Territory,84.1
Australian Capital Territory,74.9
Australian Capital Territory,78.9
Australian Capital Territory,75.6
Australian Capital Territory,97.6
Australian Capital Territory,78.8
Australian Capital Territory,76.9
Australian Capital Territory,74.5
Australian Capital Territory,90.6
Australian Capital Territory,76.8
Australia,78.9
Australia,63.0
Australia,65.6
Australia,56.1
Australia,82.3
Australia,73.6
Australia,67.7
Australia,74.5
Australia,85.2
Australia,77.7
Australia,81.8
Australia,64.2
Australia,86.8
Australia,83.2
Australia,79.3
Australia,83.2
Australia,82.0
Australia,70.1
Australia,73.4
Australia,59.9
Australia,84.5
Australia,78.2
Australia,73.3
Australia,78.7
New South Wales,68.6
New South Wales,55.8
New South Wales,53.5
New South Wales,57.3
New South Wales,74.4
New South Wales,62.2
New South Wales,60.1
New South Wales,65.3
New South Wales,78.0
New South Wales,68.9
New South Wales,71.1
New South Wales,83.0
New South Wales,81.6
New South Wales,72.6
New South Wales,74.2
New South Wales,75.9
New South Wales,73.2
New South Wales,62.2
New South Wales,62.1
New South Wales,69.3
New South Wales,77.9
New South Wales,67.2
New South Wales,66.9
New South Wales,70.4
Victoria,79.2
Victoria,69.3
Victoria,68.8
Victoria,84.4
Victoria,75.8
Victoria,67.3
Victoria,76.9
Victoria,83.4
Victoria,83.6
Victoria,81.5
Victoria,86.3
Victoria,82.4
Victoria,80.3
Victoria,83.4
Victoria,81.2
Victoria,76.2
Victoria,74.9
Victoria,85.4
Victoria,79.0
Victoria,73.6
Victoria,80.1
Queensland,75.7
Queensland,69.3
Queensland,71.8
Queensland,71.6
Queensland,77.9
Queensland,73.0
Queensland,71.5
Queensland,73.8
Queensland,81.2
Queensland,76.7
Queensland,84.0
Queensland,80.7
Queensland,79.1
Queensland,81.1
Queensland,81.5
Queensland,80.7
Queensland,78.4
Queensland,72.9
Queensland,77.7
Queensland,75.9
Queensland,78.5
Queensland,76.9
Queensland,76.3
Queensland,77.2
South Australia,88.9
South Australia,79.7
South Australia,95.1
South Australia,84.1
South Australia,81.0
South Australia,85.2
South Australia,99.4
South Australia,91.6
South Australia,98.4
South Australia,96.5
South Australia,97.4
South Australia,97.2
South Australia,94.0
South Australia,85.6
South Australia,96.8
South Australia,90.1
South Australia,88.9
South Australia,91.1
Western Australia,78.9
Western Australia,65.9
Western Australia,67.8
Western Australia,67.3
Western Australia,80.1
Western Australia,75.6
Western Australia,69.7
Western Australia,76.3
Western Australia,84.6
Western Australia,77.9
Western Australia,80.6
Western Australia,78.3
Western Australia,83.8
Western Australia,83.4
Western Australia,82.2
Western Australia,83.4
Western Australia,81.7
Western Australia,71.8
Western Australia,74.0
Western Australia,72.6
Western Australia,81.9
Western Australia,79.4
Western Australia,75.8
Western Australia,79.8
Tasmania,53.7
Tasmania,48.0
Tasmania,54.1
Tasmania,62.5
Tasmania,58.2
Tasmania,44.6
Tasmania,52.1
Tasmania,66.1
Tasmania,65.4
Tasmania,82.8
Tasmania,76.8
Tasmania,70.6
Tasmania,59.9
Tasmania,66.2
Tasmania,59.7
Tasmania,56.5
Tasmania,68.0
Tasmania,69.2
Tasmania,64.2
Tasmania,52.0
Tasmania,58.9
Northern Territory,69.4
Northern Territory,26.4
Northern Territory,68.6
Northern Territory,64.2
Northern Territory,18.1
Northern Territory,49.3
Northern Territory,83.6
Northern Territory,39.4
Northern Territory,88.0
Northern Territory,84.1
Northern Territory,23.1
Northern Territory,63.5
Northern Territory,76.2
Northern Territory,32.5
Northern Territory,77.8
Northern Territory,73.5
Northern Territory,20.5
Northern Territory,56.1
Australian Capital Territory,78.6
Australian Capital Territory,77.5
Australian Capital Territory,85.8
Australian Capital Territory,78.6
Australian Capital Territory,82.7
Australian Capital Territory,82.0
Australian Capital Territory,87.0
Australian Capital Territory,82.7
Australian Capital Territory,80.6
Australian Capital Territory,79.7
Australian Capital Territory,86.4
Australian Capital Territory,80.6
Australia,75.7
Australia,63.9
Australia,65.1
Australia,58.1
Australia,79.5
Australia,71.3
Australia,65.5
Australia,72.3
Australia,82.5
Australia,75.9
Australia,79.5
Australia,72.6
Australia,83.7
Australia,80.1
Australia,78.6
Australia,80.8
Australia,79.0
Australia,69.7
Australia,72.1
Australia,65.0
Australia,81.5
Australia,75.6
Australia,71.8
Australia,76.4
New South Wales,67.6
New South Wales,55.5
New South Wales,57.7
New South Wales,65.7
New South Wales,73.0
New South Wales,62.1
New South Wales,59.9
New South Wales,64.8
New South Wales,77.1
New South Wales,69.3
New South Wales,72.6
New South Wales,74.2
New South Wales,80.8
New South Wales,73.0
New South Wales,72.9
New South Wales,75.3
New South Wales,72.2
New South Wales,62.2
New South Wales,65.0
New South Wales,69.9
New South Wales,76.8
New South Wales,67.4
New South Wales,66.2
New South Wales,69.9
Victoria,78.3
Victoria,67.0
Victoria,65.3
Victoria,81.7
Victoria,73.8
Victoria,69.4
Victoria,75.6
Victoria,82.5
Victoria,82.9
Victoria,78.8
Victoria,86.0
Victoria,81.8
Victoria,77.8
Victoria,82.4
Victoria,80.3
Victoria,74.6
Victoria,71.8
Victoria,83.8
Victoria,77.7
Victoria,73.5
Victoria,78.9
Queensland,63.6
Queensland,57.4
Queensland,57.8
Queensland,52.1
Queensland,63.6
Queensland,61.0
Queensland,59.7
Queensland,61.3
Queensland,62.2
Queensland,58.4
Queensland,58.7
Queensland,58.3
Queensland,61.4
Queensland,60.4
Queensland,61.3
Queensland,60.9
Queensland,63.0
Queensland,57.9
Queensland,58.2
Queensland,55.1
Queensland,62.5
Queensland,60.7
Queensland,60.5
Queensland,61.1
South Australia,87.7
South Australia,74.9
South Australia,94.3
South Australia,82.8
South Australia,78.2
South Australia,83.4
South Australia,98.1
South Australia,92.2
South Australia,97.7
South Australia,96.0
South Australia,96.9
South Australia,96.7
South Australia,92.8
South Australia,83.5
South Australia,96.0
South Australia,89.2
South Australia,87.2
South Australia,89.9
Western Australia,78.9
Western Australia,73.3
Western Australia,70.4
Western Australia,72.4
Western Australia,80.8
Western Australia,76.8
Western Australia,71.7
Western Australia,77.5
Western Australia,82.9
Western Australia,81.6
Western Australia,81.8
Western Australia,85.6
Western Australia,81.4
Western Australia,85.6
Western Australia,78.9
Western Australia,82.9
Western Australia,80.9
Western Australia,77.4
Western Australia,75.9
Western Australia,78.8
Western Australia,81.1
Western Australia,81.1
Western Australia,75.2
Western Australia,80.1
Tasmania,51.5
Tasmania,46.4
Tasmania,46.5
Tasmania,61.1
Tasmania,53.9
Tasmania,43.9
Tasmania,50.0
Tasmania,68.2
Tasmania,63.5
Tasmania,64.9
Tasmania,78.1
Tasmania,70.7
Tasmania,60.7
Tasmania,66.8
Tasmania,59.5
Tasmania,54.7
Tasmania,55.2
Tasmania,69.1
Tasmania,62.1
Tasmania,52.0
Tasmania,58.0
Northern Territory,62.7
Northern Territory,24.6
Northern Territory,64.2
Northern Territory,60.5
Northern Territory,13.5
Northern Territory,45.0
Northern Territory,78.5
Northern Territory,31.2
Northern Territory,84.7
Northern Territory,74.7
Northern Territory,17.1
Northern Territory,57.0
Northern Territory,70.3
Northern Territory,27.7
Northern Territory,74.0
Northern Territory,67.2
Northern Territory,15.2
Northern Territory,50.8
Australian Capital Territory,78.0
Australian Capital Territory,76.7
Australian Capital Territory,86.5
Australian Capital Territory,78.0
Australian Capital Territory,82.8
Australian Capital Territory,81.4
Australian Capital Territory,92.2
Australian Capital Territory,82.8
Australian Capital Territory,80.4
Australian Capital Territory,79.0
Australian Capital Territory,89.3
Australian Capital Territory,80.4
Australia,72.7
Australia,60.5
Australia,60.2
Australia,53.5
Australia,75.9
Australia,67.9
Australia,63.1
Australia,69.1
Australia,78.1
Australia,72.1
Australia,70.6
Australia,65.5
Australia,80.0
Australia,75.4
Australia,72.8
Australia,76.1
Australia,75.3
Australia,66.1
Australia,65.2
Australia,59.3
Australia,77.9
Australia,71.5
Australia,67.8
Australia,72.5
New South Wales,71.3
New South Wales,59.2
New South Wales,58.4
New South Wales,53.2
New South Wales,78.7
New South Wales,65.3
New South Wales,63.5
New South Wales,68.4
New South Wales,79.1
New South Wales,72.5
New South Wales,76.6
New South Wales,92.2
New South Wales,83.1
New South Wales,74.4
New South Wales,76.7
New South Wales,77.8
New South Wales,75.1
New South Wales,65.7
New South Wales,67.2
New South Wales,72.2
New South Wales,80.8
New South Wales,69.6
New South Wales,69.7
New South Wales,72.9
Victoria,81.0
Victoria,70.3
Victoria,69.5
Victoria,86.1
Victoria,77.2
Victoria,74.5
Victoria,78.4
Victoria,84.7
Victoria,86.6
Victoria,88.0
Victoria,89.0
Victoria,84.7
Victoria,81.7
Victoria,85.2
Victoria,82.8
Victoria,78.1
Victoria,78.3
Victoria,87.5
Victoria,80.8
Victoria,77.6
Victoria,81.7
Queensland,81.6
Queensland,78.6
Queensland,81.0
Queensland,66.4
Queensland,81.3
Queensland,80.1
Queensland,80.4
Queensland,80.7
Queensland,86.6
Queensland,86.8
Queensland,89.5
Queensland,77.7
Queensland,83.7
Queensland,87.2
Queensland,88.6
Queensland,86.9
Queensland,84.1
Queensland,82.6
Queensland,85.1
Queensland,71.8
Queensland,82.5
Queensland,83.6
Queensland,84.4
Queensland,83.7
South Australia,84.2
South Australia,75.8
South Australia,91.0
South Australia,81.0
South Australia,76.4
South Australia,81.4
South Australia,93.2
South Australia,92.4
South Australia,96.0
South Australia,92.4
South Australia,93.0
South Australia,93.3
South Australia,88.6
South Australia,83.9
South Australia,93.5
South Australia,86.6
South Australia,84.3
South Australia,87.2
Western Australia,77.7
Western Australia,75.7
Western Australia,75.1
Western Australia,65.4
Western Australia,78.9
Western Australia,77.8
Western Australia,72.1
Western Australia,76.8
Western Australia,81.7
Western Australia,86.4
Western Australia,80.2
Western Australia,70.8
Western Australia,82.6
Western Australia,81.1
Western Australia,79.9
Western Australia,81.5
Western Australia,79.7
Western Australia,80.8
Western Australia,77.5
Western Australia,67.9
Western Australia,80.8
Western Australia,79.3
Western Australia,76.0
Western Australia,79.1
Tasmania,54.9
Tasmania,49.3
Tasmania,31.6
Tasmania,73.8
Tasmania,55.8
Tasmania,45.7
Tasmania,53.2
Tasmania,63.2
Tasmania,69.9
Tasmania,71.1
Tasmania,69.0
Tasmania,68.3
Tasmania,61.7
Tasmania,65.0
Tasmania,59.0
Tasmania,59.1
Tasmania,51.1
Tasmania,71.5
Tasmania,62.0
Tasmania,53.4
Tasmania,58.9
Northern Territory,62.8
Northern Territory,22.7
Northern Territory,58.5
Northern Territory,62.9
Northern Territory,13.8
Northern Territory,44.0
Northern Territory,76.1
Northern Territory,26.6
Northern Territory,77.6
Northern Territory,70.9
Northern Territory,17.9
Northern Territory,52.1
Northern Territory,69.1
Northern Territory,24.7
Northern Territory,67.3
Northern Territory,66.8
Northern Territory,15.9
Northern Territory,47.9
Australian Capital Territory,83.0
Australian Capital Territory,81.8
Australian Capital Territory,85.7
Australian Capital Territory,83.0
Australian Capital Territory,85.7
Australian Capital Territory,84.4
Australian Capital Territory,92.8
Australian Capital Territory,85.7
Australian Capital Territory,84.3
Australian Capital Territory,83.1
Australian Capital Territory,89.2
Australian Capital Territory,84.3
Australia,77.8
Australia,67.7
Australia,70.4
Australia,53.3
Australia,81.8
Australia,74.3
Australia,70.0
Australia,75.0
Australia,83.6
Australia,80.3
Australia,84.0
Australia,63.4
Australia,85.3
Australia,82.2
Australia,80.6
Australia,82.7
Australia,80.7
Australia,73.8
Australia,76.9
Australia,58.1
Australia,83.5
Australia,78.1
Australia,75.0
Australia,78.7
New South Wales,72.0
New South Wales,61.0
New South Wales,63.0
New South Wales,69.0
New South Wales,79.0
New South Wales,66.0
New South Wales,65.0
New South Wales,69.0
New South Wales,80.0
New South Wales,76.0
New South Wales,80.0
New South Wales,67.0
New South Wales,84.0
New South Wales,76.0
New South Wales,77.0
New South Wales,79.0
New South Wales,76.0
New South Wales,68.0
New South Wales,71.0
New South Wales,68.0
New South Wales,82.0
New South Wales,71.0
New South Wales,71.0
New South Wales,74.0
Victoria,79.0
Victoria,73.0
Victoria,77.0
Victoria,84.0
Victoria,76.0
Victoria,72.0
Victoria,78.0
Victoria,84.0
Victoria,87.0
Victoria,91.0
Victoria,87.0
Victoria,84.0
Victoria,83.0
Victoria,84.0
Victoria,81.0
Victoria,80.0
Victoria,84.0
Victoria,85.0
Victoria,80.0
Victoria,77.0
Victoria,81.0
Queensland,83.0
Queensland,87.0
Queensland,84.0
Queensland,71.0
Queensland,81.0
Queensland,85.0
Queensland,85.0
Queensland,84.0
Queensland,85.0
Queensland,89.0
Queensland,92.0
Queensland,85.0
Queensland,82.0
Queensland,89.0
Queensland,90.0
Queensland,87.0
Queensland,84.0
Queensland,88.0
Queensland,88.0
Queensland,78.0
Queensland,82.0
Queensland,87.0
Queensland,87.0
Queensland,85.0
South Australia,85.0
South Australia,80.0
South Australia,95.0
South Australia,82.0
South Australia,78.0
South Australia,83.0
South Australia,93.0
South Australia,90.0
South Australia,97.0
South Australia,92.0
South Australia,92.0
South Australia,93.0
South Australia,89.0
South Australia,85.0
South Australia,96.0
South Australia,87.0
South Australia,85.0
South Australia,88.0
Western Australia,77.0
Western Australia,82.0
Western Australia,72.0
Western Australia,67.0
Western Australia,77.0
Western Australia,77.0
Western Australia,73.0
Western Australia,76.0
Western Australia,82.0
Western Australia,88.0
Western Australia,85.0
Western Australia,75.0
Western Australia,81.0
Western Australia,87.0
Western Australia,78.0
Western Australia,83.0
Western Australia,79.0
Western Australia,85.0
Western Australia,78.0
Western Australia,71.0
Western Australia,79.0
Western Australia,82.0
Western Australia,75.0
Western Australia,79.0
Tasmania,60.0
Tasmania,50.0
Tasmania,58.0
Tasmania,68.0
Tasmania,60.0
Tasmania,51.0
Tasmania,57.0
Tasmania,64.0
Tasmania,67.0
Tasmania,56.0
Tasmania,73.0
Tasmania,68.0
Tasmania,59.0
Tasmania,64.0
Tasmania,62.0
Tasmania,58.0
Tasmania,57.0
Tasmania,70.0
Tasmania,64.0
Tasmania,55.0
Tasmania,61.0
Northern Territory,66.0
Northern Territory,27.0
Northern Territory,72.0
Northern Territory,62.0
Northern Territory,20.0
Northern Territory,48.0
Northern Territory,78.0
Northern Territory,27.0
Northern Territory,82.0
Northern Territory,73.0
Northern Territory,23.0
Northern Territory,55.0
Northern Territory,72.0
Northern Territory,27.0
Northern Territory,77.0
Northern Territory,67.0
Northern Territory,22.0
Northern Territory,51.0
Australian Capital Territory,79.0
Australian Capital Territory,81.0
Australian Capital Territory,81.0
Australian Capital Territory,79.0
Australian Capital Territory,83.0
Australian Capital Territory,86.0
Australian Capital Territory,88.0
Australian Capital Territory,83.0
Australian Capital Territory,81.0
Australian Capital Territory,83.0
Australian Capital Territory,85.0
Australian Capital Territory,81.0
Australia,77.0
Australia,72.0
Australia,74.0
Australia,56.0
Australia,81.0
Australia,75.0
Australia,71.0
Australia,76.0
Australia,83.0
Australia,82.0
Australia,87.0
Australia,64.0
Australia,85.0
Australia,83.0
Australia,81.0
Australia,83.0
Australia,80.0
Australia,77.0
Australia,80.0
Australia,60.0
Australia,83.0
Australia,79.0
Australia,76.0
Australia,79.0
New South Wales,71.0
New South Wales,62.0
New South Wales,63.0
New South Wales,83.0
New South Wales,77.0
New South Wales,66.0
New South Wales,65.0
New South Wales,69.0
New South Wales,78.0
New South Wales,75.0
New South Wales,78.0
New South Wales,87.0
New South Wales,82.0
New South Wales,75.0
New South Wales,77.0
New South Wales,78.0
New South Wales,74.0
New South Wales,68.0
New South Wales,70.0
New South Wales,85.0
New South Wales,79.0
New South Wales,70.0
New South Wales,71.0
New South Wales,73.0
Victoria,78.0
Victoria,74.0
Victoria,75.0
Victoria,83.0
Victoria,75.0
Victoria,73.0
Victoria,77.0
Victoria,81.0
Victoria,85.0
Victoria,89.0
Victoria,84.0
Victoria,82.0
Victoria,80.0
Victoria,82.0
Victoria,80.0
Victoria,79.0
Victoria,82.0
Victoria,84.0
Victoria,79.0
Victoria,76.0
Victoria,80.0
Queensland,69.0
Queensland,68.0
Queensland,67.0
Queensland,48.0
Queensland,69.0
Queensland,69.0
Queensland,64.0
Queensland,68.0
Queensland,75.0
Queensland,77.0
Queensland,80.0
Queensland,67.0
Queensland,73.0
Queensland,79.0
Queensland,75.0
Queensland,76.0
Queensland,72.0
Queensland,72.0
Queensland,73.0
Queensland,57.0
Queensland,71.0
Queensland,74.0
Queensland,69.0
Queensland,72.0
South Australia,84.0
South Australia,78.0
South Australia,92.0
South Australia,83.0
South Australia,89.0
South Australia,87.0
South Australia,93.0
South Australia,90.0
South Australia,98.0
South Australia,95.0
South Australia,100.0
South Australia,97.0
South Australia,89.0
South Australia,84.0
South Australia,95.0
South Australia,89.0
South Australia,94.0
South Australia,92.0
Western Australia,75.0
Western Australia,80.0
Western Australia,74.0
Western Australia,70.0
Western Australia,76.0
Western Australia,75.0
Western Australia,71.0
Western Australia,75.0
Western Australia,80.0
Western Australia,88.0
Western Australia,87.0
Western Australia,68.0
Western Australia,79.0
Western Australia,85.0
Western Australia,75.0
Western Australia,80.0
Western Australia,77.0
Western Australia,84.0
Western Australia,80.0
Western Australia,69.0
Western Australia,78.0
Western Australia,80.0
Western Australia,73.0
Western Australia,77.0
Tasmania,58.0
Tasmania,50.0
Tasmania,31.0
Tasmania,70.0
Tasmania,57.0
Tasmania,49.0
Tasmania,55.0
Tasmania,64.0
Tasmania,66.0
Tasmania,48.0
Tasmania,83.0
Tasmania,64.0
Tasmania,59.0
Tasmania,65.0
Tasmania,61.0
Tasmania,58.0
Tasmania,39.0
Tasmania,76.0
Tasmania,61.0
Tasmania,54.0
Tasmania,60.0
Northern Territory,61.0
Northern Territory,27.0
Northern Territory,65.0
Northern Territory,57.0
Northern Territory,23.0
Northern Territory,46.0
Northern Territory,78.0
Northern Territory,27.0
Northern Territory,80.0
Northern Territory,71.0
Northern Territory,25.0
Northern Territory,55.0
Northern Territory,69.0
Northern Territory,27.0
Northern Territory,73.0
Northern Territory,64.0
Northern Territory,24.0
Northern Territory,50.0
Australian Capital Territory,79.0
Australian Capital Territory,81.0
Australian Capital Territory,81.0
Australian Capital Territory,79.0
Australian Capital Territory,80.0
Australian Capital Territory,84.0
Australian Capital Territory,81.0
Australian Capital Territory,80.0
Australian Capital Territory,79.0
Australian Capital Territory,82.0
Australian Capital Territory,81.0
Australian Capital Territory,79.0
Australia,74.0
Australia,68.0
Australia,69.0
Australia,59.0
Australia,78.0
Australia,71.0
Australia,68.0
Australia,72.0
Australia,80.0
Australia,79.0
Australia,84.0
Australia,66.0
Australia,81.0
Australia,80.0
Australia,78.0
Australia,80.0
Australia,77.0
Australia,73.0
Australia,76.0
Australia,62.0
Australia,80.0
Australia,75.0
Australia,73.0
Australia,76.0
New South Wales,71.0
New South Wales,62.0
New South Wales,57.0
New South Wales,45.0
New South Wales,75.0
New South Wales,67.0
New South Wales,64.0
New South Wales,68.0
New South Wales,78.0
New South Wales,73.0
New South Wales,71.0
New South Wales,61.0
New South Wales,82.0
New South Wales,75.0
New South Wales,75.0
New South Wales,77.0
New South Wales,74.0
New South Wales,67.0
New South Wales,64.0
New South Wales,53.0
New South Wales,78.0
New South Wales,71.0
New South Wales,69.0
New South Wales,73.0
Victoria,83.0
Victoria,72.0
Victoria,76.0
Victoria,85.0
Victoria,81.0
Victoria,73.0
Victoria,80.0
Victoria,84.0
Victoria,82.0
Victoria,84.0
Victoria,87.0
Victoria,84.0
Victoria,80.0
Victoria,84.0
Victoria,83.0
Victoria,77.0
Victoria,80.0
Victoria,86.0
Victoria,82.0
Victoria,76.0
Victoria,82.0
Queensland,68.0
Queensland,63.0
Queensland,67.0
Queensland,51.0
Queensland,70.0
Queensland,69.0
Queensland,61.0
Queensland,67.0
Queensland,74.0
Queensland,76.0
Queensland,76.0
Queensland,68.0
Queensland,74.0
Queensland,78.0
Queensland,72.0
Queensland,75.0
Queensland,71.0
Queensland,69.0
Queensland,71.0
Queensland,58.0
Queensland,72.0
Queensland,73.0
Queensland,66.0
Queensland,71.0
South Australia,84.0
South Australia,74.0
South Australia,90.0
South Australia,81.0
South Australia,76.0
South Australia,81.0
South Australia,90.0
South Australia,95.0
South Australia,95.0
South Australia,90.0
South Australia,88.0
South Australia,90.0
South Australia,87.0
South Australia,84.0
South Australia,93.0
South Australia,86.0
South Australia,82.0
South Australia,86.0
Western Australia,72.0
Western Australia,69.0
Western Australia,68.0
Western Australia,64.0
Western Australia,75.0
Western Australia,70.0
Western Australia,65.0
Western Australia,71.0
Western Australia,75.0
Western Australia,82.0
Western Australia,80.0
Western Australia,76.0
Western Australia,75.0
Western Australia,79.0
Western Australia,74.0
Western Australia,76.0
Western Australia,73.0
Western Australia,75.0
Western Australia,73.0
Western Australia,70.0
Western Australia,75.0
Western Australia,75.0
Western Australia,69.0
Western Australia,73.0
Tasmania,48.0
Tasmania,38.0
Tasmania,14.0
Tasmania,59.0
Tasmania,48.0
Tasmania,38.0
Tasmania,45.0
Tasmania,59.0
Tasmania,56.0
Tasmania,37.0
Tasmania,72.0
Tasmania,58.0
Tasmania,55.0
Tasmania,58.0
Tasmania,53.0
Tasmania,47.0
Tasmania,25.0
Tasmania,65.0
Tasmania,53.0
Tasmania,46.0
Tasmania,51.0
Northern Territory,52.0
Northern Territory,24.0
Northern Territory,62.0
Northern Territory,47.0
Northern Territory,19.0
Northern Territory,40.0
Northern Territory,63.0
Northern Territory,29.0
Northern Territory,72.0
Northern Territory,59.0
Northern Territory,22.0
Northern Territory,49.0
Northern Territory,57.0
Northern Territory,26.0
Northern Territory,67.0
Northern Territory,53.0
Northern Territory,20.0
Northern Territory,44.0
Australian Capital Territory,86.0
Australian Capital Territory,86.0
Australian Capital Territory,94.0
Australian Capital Territory,86.0
Australian Capital Territory,88.0
Australian Capital Territory,91.0
Australian Capital Territory,86.0
Australian Capital Territory,88.0
Australian Capital Territory,87.0
Australian Capital Territory,88.0
Australian Capital Territory,90.0
Australian Capital Territory,87.0
Australia,75.0
Australia,65.0
Australia,64.0
Australia,47.0
Australia,78.0
Australia,72.0
Australia,65.0
Australia,72.0
Australia,80.0
Australia,76.0
Australia,75.0
Australia,59.0
Australia,82.0
Australia,79.0
Australia,75.0
Australia,78.0
Australia,77.0
Australia,70.0
Australia,69.0
Australia,53.0
Australia,80.0
Australia,75.0
Australia,70.0
Australia,75.0
New South Wales,72.0
New South Wales,59.0
New South Wales,59.0
New South Wales,55.0
New South Wales,77.0
New South Wales,67.0
New South Wales,63.0
New South Wales,69.0
New South Wales,79.0
New South Wales,72.0
New South Wales,73.0
New South Wales,65.0
New South Wales,81.0
New South Wales,76.0
New South Wales,76.0
New South Wales,77.0
New South Wales,75.0
New South Wales,65.0
New South Wales,65.0
New South Wales,60.0
New South Wales,79.0
New South Wales,71.0
New South Wales,69.0
New South Wales,73.0
Victoria,83.0
Victoria,70.0
Victoria,73.0
Victoria,84.0
Victoria,79.0
Victoria,74.0
Victoria,80.0
Victoria,85.0
Victoria,84.0
Victoria,83.0
Victoria,88.0
Victoria,86.0
Victoria,79.0
Victoria,85.0
Victoria,84.0
Victoria,77.0
Victoria,78.0
Victoria,86.0
Victoria,82.0
Victoria,76.0
Victoria,82.0
Queensland,67.0
Queensland,62.0
Queensland,65.0
Queensland,51.0
Queensland,69.0
Queensland,67.0
Queensland,59.0
Queensland,65.0
Queensland,74.0
Queensland,75.0
Queensland,74.0
Queensland,66.0
Queensland,75.0
Queensland,76.0
Queensland,71.0
Queensland,74.0
Queensland,70.0
Queensland,68.0
Queensland,69.0
Queensland,58.0
Queensland,72.0
Queensland,71.0
Queensland,65.0
Queensland,70.0
South Australia,79.0
South Australia,71.0
South Australia,87.0
South Australia,76.0
South Australia,72.0
South Australia,77.0
South Australia,88.0
South Australia,91.0
South Australia,93.0
South Australia,89.0
South Australia,88.0
South Australia,89.0
South Australia,83.0
South Australia,81.0
South Australia,90.0
South Australia,82.0
South Australia,79.0
South Australia,83.0
Western Australia,47.0
Western Australia,48.0
Western Australia,46.0
Western Australia,46.0
Western Australia,49.0
Western Australia,48.0
Western Australia,43.0
Western Australia,47.0
Western Australia,49.0
Western Australia,53.0
Western Australia,54.0
Western Australia,43.0
Western Australia,48.0
Western Australia,52.0
Western Australia,49.0
Western Australia,49.0
Western Australia,48.0
Western Australia,50.0
Western Australia,50.0
Western Australia,45.0
Western Australia,49.0
Western Australia,49.0
Western Australia,46.0
Western Australia,48.0
Tasmania,48.0
Tasmania,38.0
Tasmania,27.0
Tasmania,60.0
Tasmania,48.0
Tasmania,38.0
Tasmania,45.0
Tasmania,58.0
Tasmania,52.0
Tasmania,55.0
Tasmania,72.0
Tasmania,63.0
Tasmania,47.0
Tasmania,56.0
Tasmania,53.0
Tasmania,45.0
Tasmania,40.0
Tasmania,66.0
Tasmania,55.0
Tasmania,42.0
Tasmania,50.0
Northern Territory,48.0
Northern Territory,20.0
Northern Territory,55.0
Northern Territory,42.0
Northern Territory,16.0
Northern Territory,35.0
Northern Territory,66.0
Northern Territory,27.0
Northern Territory,71.0
Northern Territory,61.0
Northern Territory,21.0
Northern Territory,48.0
Northern Territory,56.0
Northern Territory,23.0
Northern Territory,63.0
Northern Territory,51.0
Northern Territory,18.0
Northern Territory,41.0
Australian Capital Territory,84.0
Australian Capital Territory,84.0
Australian Capital Territory,96.0
Australian Capital Territory,84.0
Australian Capital Territory,87.0
Australian Capital Territory,89.0
Australian Capital Territory,84.0
Australian Capital Territory,87.0
Australian Capital Territory,85.0
Australian Capital Territory,86.0
Australian Capital Territory,90.0
Australian Capital Territory,85.0
Australia,71.0
Australia,62.0
Australia,60.0
Australia,41.0
Australia,74.0
Australia,68.0
Australia,62.0
Australia,68.0
Australia,77.0
Australia,75.0
Australia,72.0
Australia,51.0
Australia,78.0
Australia,77.0
Australia,73.0
Australia,76.0
Australia,74.0
Australia,68.0
Australia,66.0
Australia,46.0
Australia,76.0
Australia,72.0
Australia,67.0
Australia,72.0
New South Wales,70.0
New South Wales,56.0
New South Wales,63.0
New South Wales,76.0
New South Wales,64.0
New South Wales,62.0
New South Wales,67.0
New South Wales,78.0
New South Wales,71.0
New South Wales,83.0
New South Wales,82.0
New South Wales,75.0
New South Wales,75.0
New South Wales,77.0
New South Wales,74.0
New South Wales,64.0
New South Wales,73.0
New South Wales,79.0
New South Wales,69.0
New South Wales,68.0
New South Wales,72.0
Victoria,80.0
Victoria,70.0
Victoria,84.0
Victoria,76.0
Victoria,71.0
Victoria,78.0
Victoria,84.0
Victoria,83.0
Victoria,87.0
Victoria,84.0
Victoria,79.0
Victoria,84.0
Victoria,82.0
Victoria,76.0
Victoria,85.0
Victoria,80.0
Victoria,75.0
Victoria,81.0
Queensland,66.0
Queensland,63.0
Queensland,51.0
Queensland,68.0
Queensland,67.0
Queensland,60.0
Queensland,65.0
Queensland,74.0
Queensland,74.0
Queensland,70.0
Queensland,75.0
Queensland,76.0
Queensland,69.0
Queensland,74.0
Queensland,70.0
Queensland,69.0
Queensland,60.0
Queensland,72.0
Queensland,71.0
Queensland,64.0
Queensland,69.0
South Australia,80.0
South Australia,69.0
South Australia,86.0
South Australia,76.0
South Australia,74.0
South Australia,77.0
South Australia,87.0
South Australia,89.0
South Australia,91.0
South Australia,88.0
South Australia,85.0
South Australia,88.0
South Australia,83.0
South Australia,79.0
South Australia,88.0
South Australia,82.0
South Australia,79.0
South Australia,82.0
Western Australia,69.0
Western Australia,76.0
Western Australia,68.0
Western Australia,71.0
Western Australia,72.0
Western Australia,63.0
Western Australia,70.0
Western Australia,76.0
Western Australia,82.0
Western Australia,77.0
Western Australia,77.0
Western Australia,81.0
Western Australia,68.0
Western Australia,77.0
Western Australia,72.0
Western Australia,79.0
Western Australia,72.0
Western Australia,74.0
Western Australia,76.0
Western Australia,65.0
Western Australia,73.0
Tasmania,47.0
Tasmania,36.0
Tasmania,34.0
Tasmania,62.0
Tasmania,43.0
Tasmania,33.0
Tasmania,41.0
Tasmania,58.0
Tasmania,51.0
Tasmania,43.0
Tasmania,67.0
Tasmania,59.0
Tasmania,46.0
Tasmania,54.0
Tasmania,52.0
Tasmania,43.0
Tasmania,38.0
Tasmania,64.0
Tasmania,51.0
Tasmania,39.0
Tasmania,47.0
Northern Territory,48.0
Northern Territory,19.0
Northern Territory,41.0
Northern Territory,16.0
Northern Territory,34.0
Northern Territory,61.0
Northern Territory,25.0
Northern Territory,58.0
Northern Territory,20.0
Northern Territory,44.0
Northern Territory,54.0
Northern Territory,22.0
Northern Territory,49.0
Northern Territory,18.0
Northern Territory,39.0
Australian Capital Territory,80.0
Australian Capital Territory,81.0
Australian Capital Territory,80.0
Australian Capital Territory,85.0
Australian Capital Territory,87.0
Australian Capital Territory,85.0
Australian Capital Territory,82.0
Australian Capital Territory,84.0
Australian Capital Territory,82.0
Australia,72.0
Australia,62.0
Australia,50.0
Australia,77.0
Australia,69.0
Australia,63.0
Australia,69.0
Australia,79.0
Australia,75.0
Australia,65.0
Australia,82.0
Australia,78.0
Australia,73.0
Australia,78.0
Australia,76.0
Australia,68.0
Australia,57.0
Australia,79.0
Australia,74.0
Australia,68.0
Australia,74.0
New South Wales,70.0
New South Wales,58.0
New South Wales,55.0
New South Wales,76.0
New South Wales,65.0
New South Wales,62.0
New South Wales,67.0
New South Wales,78.0
New South Wales,72.0
New South Wales,71.0
New South Wales,83.0
New South Wales,74.0
New South Wales,74.0
New South Wales,77.0
New South Wales,74.0
New South Wales,65.0
New South Wales,63.0
New South Wales,80.0
New South Wales,70.0
New South Wales,68.0
New South Wales,72.0
Victoria,79.0
Victoria,69.0
Victoria,84.0
Victoria,75.0
Victoria,68.0
Victoria,76.0
Victoria,84.0
Victoria,80.0
Victoria,88.0
Victoria,83.0
Victoria,77.0
Victoria,83.0
Victoria,81.0
Victoria,74.0
Victoria,86.0
Victoria,79.0
Victoria,72.0
Victoria,80.0
Queensland,67.0
Queensland,61.0
Queensland,50.0
Queensland,71.0
Queensland,66.0
Queensland,59.0
Queensland,65.0
Queensland,75.0
Queensland,76.0
Queensland,68.0
Queensland,75.0
Queensland,77.0
Queensland,71.0
Queensland,75.0
Queensland,71.0
Queensland,68.0
Queensland,58.0
Queensland,73.0
Queensland,71.0
Queensland,65.0
Queensland,70.0
South Australia,80.0
South Australia,70.0
South Australia,86.0
South Australia,79.0
South Australia,71.0
South Australia,77.0
South Australia,87.0
South Australia,93.0
South Australia,93.0
South Australia,89.0
South Australia,85.0
South Australia,89.0
South Australia,83.0
South Australia,81.0
South Australia,90.0
South Australia,84.0
South Australia,78.0
South Australia,83.0
Western Australia,70.0
Western Australia,70.0
Western Australia,67.0
Western Australia,73.0
Western Australia,70.0
Western Australia,60.0
Western Australia,70.0
Western Australia,75.0
Western Australia,81.0
Western Australia,72.0
Western Australia,77.0
Western Australia,79.0
Western Australia,69.0
Western Australia,76.0
Western Australia,72.0
Western Australia,75.0
Western Australia,70.0
Western Australia,75.0
Western Australia,74.0
Western Australia,64.0
Western Australia,73.0
Tasmania,47.0
Tasmania,38.0
Tasmania,34.0
Tasmania,60.0
Tasmania,45.0
Tasmania,34.0
Tasmania,42.0
Tasmania,58.0
Tasmania,50.0
Tasmania,38.0
Tasmania,69.0
Tasmania,56.0
Tasmania,47.0
Tasmania,53.0
Tasmania,52.0
Tasmania,44.0
Tasmania,35.0
Tasmania,64.0
Tasmania,50.0
Tasmania,40.0
Tasmania,47.0
Northern Territory,46.0
Northern Territory,20.0
Northern Territory,42.0
Northern Territory,15.0
Northern Territory,34.0
Northern Territory,59.0
Northern Territory,27.0
Northern Territory,57.0
Northern Territory,21.0
Northern Territory,44.0
Northern Territory,52.0
Northern Territory,23.0
Northern Territory,49.0
Northern Territory,18.0
Northern Territory,38.0
Australian Capital Territory,81.0
Australian Capital Territory,81.0
Australian Capital Territory,81.0
Australian Capital Territory,82.0
Australian Capital Territory,84.0
Australian Capital Territory,82.0
Australian Capital Territory,82.0
Australian Capital Territory,82.0
Australian Capital Territory,82.0
Australia,72.0
Australia,61.0
Australia,50.0
Australia,77.0
Australia,69.0
Australia,61.0
Australia,69.0
Australia,79.0
Australia,75.0
Australia,61.0
Australia,82.0
Australia,78.0
Australia,73.0
Australia,78.0
Australia,76.0
Australia,68.0
Australia,55.0
Australia,80.0
Australia,73.0
Australia,67.0
Australia,73.0
New South Wales,69.0
New South Wales,59.0
New South Wales,48.0
New South Wales,76.0
New South Wales,65.0
New South Wales,61.0
New South Wales,67.0
New South Wales,79.0
New South Wales,74.0
New South Wales,72.0
New South Wales,83.0
New South Wales,76.0
New South Wales,76.0
New South Wales,78.0
New South Wales,74.0
New South Wales,66.0
New South Wales,60.0
New South Wales,80.0
New South Wales,70.0
New South Wales,68.0
New South Wales,72.0
Victoria,77.0
Victoria,65.0
Victoria,83.0
Victoria,72.0
Victoria,65.0
Victoria,74.0
Victoria,83.0
Victoria,82.0
Victoria,87.0
Victoria,82.0
Victoria,77.0
Victoria,83.0
Victoria,80.0
Victoria,73.0
Victoria,85.0
Victoria,77.0
Victoria,71.0
Victoria,78.0
Queensland,67.0
Queensland,62.0
Queensland,49.0
Queensland,70.0
Queensland,66.0
Queensland,58.0
Queensland,65.0
Queensland,73.0
Queensland,76.0
Queensland,71.0
Queensland,74.0
Queensland,75.0
Queensland,70.0
Queensland,73.0
Queensland,70.0
Queensland,69.0
Queensland,59.0
Queensland,72.0
Queensland,71.0
Queensland,64.0
Queensland,69.0
South Australia,72.0
South Australia,62.0
South Australia,80.0
South Australia,72.0
South Australia,62.0
South Australia,70.0
South Australia,83.0
South Australia,87.0
South Australia,87.0
South Australia,84.0
South Australia,83.0
South Australia,85.0
South Australia,78.0
South Australia,74.0
South Australia,83.0
South Australia,78.0
South Australia,72.0
South Australia,77.0
Western Australia,68.0
Western Australia,68.0
Western Australia,62.0
Western Australia,72.0
Western Australia,68.0
Western Australia,58.0
Western Australia,68.0
Western Australia,76.0
Western Australia,82.0
Western Australia,71.0
Western Australia,79.0
Western Australia,78.0
Western Australia,68.0
Western Australia,76.0
Western Australia,72.0
Western Australia,75.0
Western Australia,66.0
Western Australia,76.0
Western Australia,73.0
Western Australia,62.0
Western Australia,72.0
Tasmania,44.0
Tasmania,33.0
Tasmania,19.0
Tasmania,54.0
Tasmania,41.0
Tasmania,29.0
Tasmania,37.0
Tasmania,52.0
Tasmania,47.0
Tasmania,37.0
Tasmania,63.0
Tasmania,55.0
Tasmania,40.0
Tasmania,49.0
Tasmania,48.0
Tasmania,39.0
Tasmania,27.0
Tasmania,59.0
Tasmania,48.0
Tasmania,34.0
Tasmania,43.0
Northern Territory,48.0
Northern Territory,21.0
Northern Territory,46.0
Northern Territory,14.0
Northern Territory,35.0
Northern Territory,56.0
Northern Territory,24.0
Northern Territory,54.0
Northern Territory,17.0
Northern Territory,41.0
Northern Territory,51.0
Northern Territory,23.0
Northern Territory,49.0
Northern Territory,16.0
Northern Territory,38.0
Australian Capital Territory,70.0
Australian Capital Territory,71.0
Australian Capital Territory,70.0
Australian Capital Territory,82.0
Australian Capital Territory,84.0
Australian Capital Territory,82.0
Australian Capital Territory,76.0
Australian Capital Territory,77.0
Australian Capital Territory,76.0
Australia,71.0
Australia,60.0
Australia,47.0
Australia,76.0
Australia,67.0
Australia,59.0
Australia,68.0
Australia,78.0
Australia,76.0
Australia,62.0
Australia,82.0
Australia,78.0
Australia,73.0
Australia,77.0
Australia,74.0
Australia,68.0
Australia,54.0
Australia,79.0
Australia,72.0
Australia,66.0
Australia,72.0
New South Wales,66.0
New South Wales,53.0
New South Wales,55.0
New South Wales,76.0
New South Wales,60.0
New South Wales,56.0
New South Wales,63.0
New South Wales,74.0
New South Wales,67.0
New South Wales,80.0
New South Wales,80.0
New South Wales,69.0
New South Wales,69.0
New South Wales,72.0
New South Wales,70.0
New South Wales,60.0
New South Wales,67.0
New South Wales,78.0
New South Wales,64.0
New South Wales,63.0
New South Wales,67.0
Victoria,62.0
Victoria,50.0
Victoria,73.0
Victoria,55.0
Victoria,47.0
Victoria,59.0
Victoria,75.0
Victoria,69.0
Victoria,86.0
Victoria,70.0
Victoria,64.0
Victoria,74.0
Victoria,68.0
Victoria,59.0
Victoria,79.0
Victoria,62.0
Victoria,55.0
Victoria,66.0
Queensland,63.0
Queensland,56.0
Queensland,50.0
Queensland,69.0
Queensland,62.0
Queensland,52.0
Queensland,61.0
Queensland,71.0
Queensland,70.0
Queensland,72.0
Queensland,75.0
Queensland,71.0
Queensland,66.0
Queensland,70.0
Queensland,67.0
Queensland,63.0
Queensland,60.0
Queensland,72.0
Queensland,66.0
Queensland,59.0
Queensland,66.0
South Australia,59.0
South Australia,49.0
South Australia,70.0
South Australia,57.0
South Australia,50.0
South Australia,56.0
South Australia,73.0
South Australia,75.0
South Australia,82.0
South Australia,78.0
South Australia,67.0
South Australia,74.0
South Australia,66.0
South Australia,61.0
South Australia,76.0
South Australia,67.0
South Australia,58.0
South Australia,65.0
Western Australia,67.0
Western Australia,61.0
Western Australia,66.0
Western Australia,75.0
Western Australia,61.0
Western Australia,54.0
Western Australia,66.0
Western Australia,74.0
Western Australia,78.0
Western Australia,69.0
Western Australia,82.0
Western Australia,72.0
Western Australia,64.0
Western Australia,74.0
Western Australia,70.0
Western Australia,69.0
Western Australia,67.0
Western Australia,79.0
Western Australia,66.0
Western Australia,59.0
Western Australia,70.0
Tasmania,41.0
Tasmania,32.0
Tasmania,28.0
Tasmania,51.0
Tasmania,47.0
Tasmania,27.0
Tasmania,36.0
Tasmania,48.0
Tasmania,45.0
Tasmania,29.0
Tasmania,62.0
Tasmania,52.0
Tasmania,39.0
Tasmania,46.0
Tasmania,45.0
Tasmania,38.0
Tasmania,28.0
Tasmania,57.0
Tasmania,50.0
Tasmania,33.0
Tasmania,41.0
Northern Territory,34.0
Northern Territory,16.0
Northern Territory,39.0
Northern Territory,15.0
Northern Territory,26.0
Northern Territory,48.0
Northern Territory,20.0
Northern Territory,49.0
Northern Territory,21.0
Northern Territory,35.0
Northern Territory,41.0
Northern Territory,18.0
Northern Territory,44.0
Northern Territory,18.0
Northern Territory,30.0
Australian Capital Territory,76.0
Australian Capital Territory,77.0
Australian Capital Territory,76.0
Australian Capital Territory,79.0
Australian Capital Territory,80.0
Australian Capital Territory,79.0
Australian Capital Territory,78.0
Australian Capital Territory,79.0
Australian Capital Territory,78.0
Australia,64.0
Australia,52.0
Australia,45.0
Australia,73.0
Australia,58.0
Australia,51.0
Australia,60.0
Australia,73.0
Australia,68.0
Australia,59.0
Australia,81.0
Australia,70.0
Australia,65.0
Australia,71.0
Australia,68.0
Australia,59.0
Australia,52.0
Australia,77.0
Australia,64.0
Australia,58.0
Australia,66.0
New South Wales,63.0
New South Wales,51.0
New South Wales,60.0
New South Wales,73.0
New South Wales,56.0
New South Wales,55.0
New South Wales,60.0
New South Wales,72.0
New South Wales,66.0
New South Wales,79.0
New South Wales,79.0
New South Wales,67.0
New South Wales,67.0
New South Wales,70.0
New South Wales,67.0
New South Wales,58.0
New South Wales,69.0
New South Wales,76.0
New South Wales,61.0
New South Wales,61.0
New South Wales,65.0
Victoria,60.0
Victoria,50.0
Victoria,72.0
Victoria,53.0
Victoria,48.0
Victoria,58.0
Victoria,71.0
Victoria,67.0
Victoria,81.0
Victoria,67.0
Victoria,61.0
Victoria,70.0
Victoria,66.0
Victoria,58.0
Victoria,76.0
Victoria,60.0
Victoria,54.0
Victoria,64.0
Queensland,61.0
Queensland,54.0
Queensland,51.0
Queensland,68.0
Queensland,58.0
Queensland,51.0
Queensland,59.0
Queensland,71.0
Queensland,72.0
Queensland,70.0
Queensland,76.0
Queensland,71.0
Queensland,66.0
Queensland,71.0
Queensland,65.0
Queensland,63.0
Queensland,60.0
Queensland,72.0
Queensland,65.0
Queensland,58.0
Queensland,65.0
South Australia,59.0
South Australia,49.0
South Australia,71.0
South Australia,59.0
South Australia,47.0
South Australia,57.0
South Australia,73.0
South Australia,78.0
South Australia,87.0
South Australia,77.0
South Australia,66.0
South Australia,74.0
South Australia,66.0
South Australia,63.0
South Australia,79.0
South Australia,68.0
South Australia,56.0
South Australia,65.0
Western Australia,62.0
Western Australia,54.0
Western Australia,59.0
Western Australia,70.0
Western Australia,55.0
Western Australia,51.0
Western Australia,60.0
Western Australia,71.0
Western Australia,72.0
Western Australia,70.0
Western Australia,79.0
Western Australia,67.0
Western Australia,62.0
Western Australia,71.0
Western Australia,66.0
Western Australia,63.0
Western Australia,64.0
Western Australia,74.0
Western Australia,61.0
Western Australia,56.0
Western Australia,65.0
Tasmania,43.0
Tasmania,28.0
Tasmania,14.0
Tasmania,57.0
Tasmania,44.0
Tasmania,24.0
Tasmania,34.0
Tasmania,45.0
Tasmania,42.0
Tasmania,33.0
Tasmania,54.0
Tasmania,50.0
Tasmania,37.0
Tasmania,43.0
Tasmania,44.0
Tasmania,35.0
Tasmania,22.0
Tasmania,56.0
Tasmania,47.0
Tasmania,30.0
Tasmania,38.0
Northern Territory,34.0
Northern Territory,21.0
Northern Territory,39.0
Northern Territory,17.0
Northern Territory,28.0
Northern Territory,49.0
Northern Territory,23.0
Northern Territory,49.0
Northern Territory,22.0
Northern Territory,36.0
Northern Territory,41.0
Northern Territory,22.0
Northern Territory,44.0
Northern Territory,20.0
Northern Territory,32.0
Australian Capital Territory,75.0
Australian Capital Territory,76.0
Australian Capital Territory,75.0
Australian Capital Territory,80.0
Australian Capital Territory,79.0
Australian Capital Territory,80.0
Australian Capital Territory,77.0
Australian Capital Territory,78.0
Australian Capital Territory,77.0
Australia,61.0
Australia,50.0
Australia,45.0
Australia,71.0
Australia,55.0
Australia,50.0
Australia,58.0
Australia,71.0
Australia,67.0
Australia,58.0
Australia,79.0
Australia,68.0
Australia,63.0
Australia,70.0
Australia,66.0
Australia,58.0
Australia,51.0
Australia,75.0
Australia,62.0
Australia,56.0
Australia,64.0
